{
	"info": {
		"_postman_id": "2fe41e1d-2cb1-4201-ace9-6fc42e54cca8",
		"name": "Customer API Collection",
		"schema": "https://schema.getpostman.com/json/collection/v2.1.0/collection.json"
	},
	"item": [
		{
			"name": "Login",
			"event": [
				{
					"listen": "test",
					"script": {
						"exec": [
							"var jsonData = pm.response.json();\r",
							"var my_token =jsonData.token;\r",
							"pm.environment.set(\"token\", my_token);"
						],
						"type": "text/javascript"
					}
				}
			],
			"request": {
				"method": "POST",
				"header": [],
				"body": {
					"mode": "raw",
					"raw": "{\r\n    \"username\":\"salman\",\r\n    \"password\":\"salman1234\"\r\n}",
					"options": {
						"raw": {
							"language": "json"
						}
					}
				},
				"url": {
					"raw": "{{baseUrl}}/customer/api/v1/login",
					"host": [
						"{{baseUrl}}"
					],
					"path": [
						"customer",
						"api",
						"v1",
						"login"
					]
				}
			},
			"response": []
		},
		{
			"name": "Get  Customer List",
			"event": [
				{
					"listen": "test",
					"script": {
						"exec": [
							"pm.test(\"Check Customer Id\", function () {\r",
							"    var jsonData = pm.response.json();\r",
							"    pm.expect(jsonData.Customers[ 0].id).to.eql(101);\r",
							"});"
						],
						"type": "text/javascript"
					}
				}
			],
			"request": {
				"method": "GET",
				"header": [
					{
						"key": "Authorization",
						"value": "{{token}}",
						"type": "text"
					}
				],
				"url": {
					"raw": "{{baseUrl}}/customer/api/v1/list",
					"host": [
						"{{baseUrl}}"
					],
					"path": [
						"customer",
						"api",
						"v1",
						"list"
					]
				}
			},
			"response": []
		},
		{
			"name": "Get Single Customer",
			"event": [
				{
					"listen": "test",
					"script": {
						"exec": [
							"pm.test(\"Customer Id Check\", function () {\r",
							"    var jsonData = pm.response.json();\r",
							"    pm.expect(jsonData.id).to.eql(101);\r",
							"});\r",
							"\r",
							"\r",
							"pm.test(\"Status code is 200\", function () {\r",
							"    pm.response.to.have.status(200);\r",
							"});"
						],
						"type": "text/javascript"
					}
				}
			],
			"request": {
				"method": "GET",
				"header": [
					{
						"key": "Authorization",
						"value": "{{token}}",
						"type": "text"
					}
				],
				"url": {
					"raw": "{{baseUrl}}/customer/api/v1/get/101",
					"host": [
						"{{baseUrl}}"
					],
					"path": [
						"customer",
						"api",
						"v1",
						"get",
						"101"
					]
				}
			},
			"response": []
		},
		{
			"name": "Create New Customer",
			"event": [
				{
					"listen": "prerequest",
					"script": {
						"exec": [
							"let id=_.random(1000, 9999)\r",
							"pm.environment.set(\"id\",id );\r",
							"const reqObject = {\r",
							"  url: 'https://api.namefake.com/english-united-states/male/',\r",
							"  method: 'GET',\r",
							"  header: 'Content-Type:application/json'\r",
							"};\r",
							"\r",
							"pm.sendRequest(reqObject, (err, res) => {\r",
							"    let {name} = res.json()\r",
							"    let {phone_w}=res.json()\r",
							"    let {email_u} = res.json()\r",
							"    let email=email_u+'@testmail.com'\r",
							"    \r",
							"    pm.environment.set(\"name\", name);\r",
							"    pm.environment.set(\"email\", email);\r",
							"    pm.environment.set(\"phone_number\", phone_w);\r",
							"});"
						],
						"type": "text/javascript"
					}
				},
				{
					"listen": "test",
					"script": {
						"exec": [
							"pm.test(\"Create New Customer Check\", function () {\r",
							"    var jsonData = pm.response.json();\r",
							"    pm.expect(jsonData.message).to.eql(\"Success\");\r",
							"});\r",
							"\r",
							"pm.test(\"Status code is 201\", function () {\r",
							"    pm.response.to.have.status(201);\r",
							"});"
						],
						"type": "text/javascript"
					}
				}
			],
			"request": {
				"method": "POST",
				"header": [
					{
						"key": "Authorization",
						"value": "{{token}}",
						"type": "text"
					}
				],
				"body": {
					"mode": "raw",
					"raw": "{\r\n    \"id\":{{id}},\r\n    \"name\":\"{{name}}\",\r\n    \"email\":\"{{email}}\",\r\n    \"address\":\"Gulshan, Dhaka\",\r\n    \"phone_number\":\"{{phone_number}}\"\r\n}",
					"options": {
						"raw": {
							"language": "json"
						}
					}
				},
				"url": {
					"raw": "{{baseUrl}}/customer/api/v1/create",
					"host": [
						"{{baseUrl}}"
					],
					"path": [
						"customer",
						"api",
						"v1",
						"create"
					]
				}
			},
			"response": []
		},
		{
			"name": "Update  Customer",
			"event": [
				{
					"listen": "test",
					"script": {
						"exec": [
							"pm.test(\"Update existing  Customer\", function () {\r",
							"    var jsonData = pm.response.json();\r",
							"    pm.expect(jsonData.message).to.eql(\"Success\");\r",
							"});"
						],
						"type": "text/javascript"
					}
				}
			],
			"request": {
				"method": "PUT",
				"header": [
					{
						"key": "Authorization",
						"value": "{{token}}",
						"type": "text"
					}
				],
				"body": {
					"mode": "raw",
					"raw": "{\r\n    \"id\":{{id}},\r\n    \"name\":\"{{name}}\",\r\n    \"email\":\"{{email}}\",\r\n    \"address\":\"NewYork, USA\",\r\n    \"phone_number\":\"{{phone_number}}\"\r\n}",
					"options": {
						"raw": {
							"language": "json"
						}
					}
				},
				"url": {
					"raw": "{{baseUrl}}/customer/api/v1/update/{{id}}",
					"host": [
						"{{baseUrl}}"
					],
					"path": [
						"customer",
						"api",
						"v1",
						"update",
						"{{id}}"
					]
				}
			},
			"response": []
		},
		{
			"name": "Delete Customer",
			"event": [
				{
					"listen": "test",
					"script": {
						"exec": [
							"pm.test(\"Check Customer Deleted\", function () {\r",
							"    var jsonData = pm.response.json();\r",
							"    pm.expect(jsonData.message).to.eql(\"Customer deleted!\");\r",
							"});"
						],
						"type": "text/javascript"
					}
				}
			],
			"request": {
				"method": "DELETE",
				"header": [
					{
						"key": "Authorization",
						"value": "{{token}}",
						"type": "text"
					}
				],
				"url": {
					"raw": "{{baseUrl}}/customer/api/v1/delete/{{id}}",
					"host": [
						"{{baseUrl}}"
					],
					"path": [
						"customer",
						"api",
						"v1",
						"delete",
						"{{id}}"
					]
				}
			},
			"response": []
		}
	]
}