{
	"id": "109c2508-8b81-4496-ae16-f3c1802f9add",
	"name": "Customer_Env",
	"values": [
		{
			"key": "token",
			"value": "",
			"enabled": true
		},
		{
			"key": "baseUrl",
			"value": "https://customer-test-api.herokuapp.com",
			"enabled": true
		},
		{
			"key": "id",
			"value": "",
			"enabled": true
		},
		{
			"key": "name",
			"value": "",
			"enabled": true
		},
		{
			"key": "email",
			"value": "",
			"enabled": true
		},
		{
			"key": "phone_number",
			"value": "",
			"enabled": true
		}
	],
	"_postman_variable_scope": "environment",
	"_postman_exported_at": "2021-08-06T13:05:23.516Z",
	"_postman_exported_using": "Postman/8.5.1"
}