{
	"info": {
		"_postman_id": "c1c8494b-869e-4b18-bca4-75b17b5f5e15",
		"name": "Test API",
		"schema": "https://schema.getpostman.com/json/collection/v2.1.0/collection.json"
	},
	"item": [
		{
			"name": "Get Request",
			"event": [
				{
					"listen": "test",
					"script": {
						"exec": [
							"tests[\"Validating Status Code\"]= responseCode.code== 200;\r",
							"tests[\"Validating response body\"]= responseBody.has(\"data\");\r",
							"\r",
							"var response = JSON.parse(responseBody);\r",
							"tests[\"page no\"] = response.page  == 2;"
						],
						"type": "text/javascript"
					}
				}
			],
			"request": {
				"method": "GET",
				"header": [],
				"url": {
					"raw": "https://reqres.in/api/users?page=2",
					"protocol": "https",
					"host": [
						"reqres",
						"in"
					],
					"path": [
						"api",
						"users"
					],
					"query": [
						{
							"key": "page",
							"value": "2"
						}
					]
				}
			},
			"response": []
		},
		{
			"name": "Get single user",
			"event": [
				{
					"listen": "test",
					"script": {
						"exec": [
							"var response = JSON.parse(responseBody);\r",
							"tests[\"verify firstname\"] = response.data.first_name == \"Janet\";\r",
							"tests[\"verify lastname\"] = response.data.last_name == \"Weaver\";"
						],
						"type": "text/javascript"
					}
				}
			],
			"request": {
				"method": "GET",
				"header": [],
				"url": {
					"raw": "https://reqres.in/api/users/2",
					"protocol": "https",
					"host": [
						"reqres",
						"in"
					],
					"path": [
						"api",
						"users",
						"2"
					]
				}
			},
			"response": []
		},
		{
			"name": "Put Request",
			"event": [
				{
					"listen": "test",
					"script": {
						"exec": [
							"var response = JSON.parse(responseBody);\r",
							"tests[\"name\"] = response.name == \"morpheus\";\r",
							"tests[\"Job\"] = response.job == \"leader\";\r",
							"\r",
							"tests[\"Valodating Status Code\"] = responseCode.code == 201;"
						],
						"type": "text/javascript"
					}
				}
			],
			"request": {
				"method": "POST",
				"header": [],
				"body": {
					"mode": "raw",
					"raw": "{\r\n    \"name\": \"morpheus\",\r\n    \"job\": \"leader\"\r\n}",
					"options": {
						"raw": {
							"language": "json"
						}
					}
				},
				"url": {
					"raw": "https://reqres.in/api/users",
					"protocol": "https",
					"host": [
						"reqres",
						"in"
					],
					"path": [
						"api",
						"users"
					]
				}
			},
			"response": []
		},
		{
			"name": "Post Customer Login",
			"event": [
				{
					"listen": "test",
					"script": {
						"exec": [
							"tests[\"Validating Token Presence \"] = responseBody.has(\"token\");"
						],
						"type": "text/javascript"
					}
				}
			],
			"request": {
				"method": "POST",
				"header": [],
				"body": {
					"mode": "raw",
					"raw": "{\r\n    \"email\": \"eve.holt@reqres.in\",\r\n    \"password\": \"cityslicka\"\r\n}",
					"options": {
						"raw": {
							"language": "json"
						}
					}
				},
				"url": {
					"raw": "https://reqres.in/api/login",
					"protocol": "https",
					"host": [
						"reqres",
						"in"
					],
					"path": [
						"api",
						"login"
					]
				}
			},
			"response": []
		}
	]
}